<?xml version="1.0"?>
<presentation guid="7CDAA893-9DA5-4A72-B254-688353535188" version="0" availableOffline="1">
	<info>
		<title>Tạo bài giảng điện tử e-learning</title>
		<description/>
	</info>
	<files index="id7" thumbnail="id62" totalSize="10580289">
		<file id="id4">lms.js</file>
		<file id="id5">data/goodbye.html</file>
		<file id="id7">index.html</file>
		<file id="id8">data/thmb1.png</file>
		<file id="id9">data/slide1.js</file>
		<file id="id10">data/slide1.css</file>
		<file id="id11">data/thmb2.png</file>
		<file id="id12">data/slide2.js</file>
		<file id="id13">data/slide2.css</file>
		<file id="id14">data/thmb3.png</file>
		<file id="id15">data/quiz1.js</file>
		<file id="id16">data/quiz1/fonts/fnt0.woff</file>
		<file id="id17">data/quiz1/fonts/fnt1.woff</file>
		<file id="id18">data/quiz1/fonts/fnt2.woff</file>
		<file id="id19">data/quiz1/images/quiz_bg_0.jpg</file>
		<file id="id20">data/thmb4.png</file>
		<file id="id21">data/quiz2.js</file>
		<file id="id22">data/quiz2/fonts/fnt0.woff</file>
		<file id="id23">data/quiz2/fonts/fnt1.woff</file>
		<file id="id24">data/quiz2/fonts/fnt2.woff</file>
		<file id="id25">data/quiz2/fonts/fnt3.woff</file>
		<file id="id26">data/quiz2/images/img-8fd4599b148c8247cf6e5de819f6ea2e0797d3f4.jpg</file>
		<file id="id27">data/quiz2/images/img-ee23b36ce5a413996ddde9b92793b45ab0f868fc.jpg</file>
		<file id="id28">data/quiz2/images/img-efba4b375ba562dbb831801b300532287e19039a.jpg</file>
		<file id="id29">data/quiz2/images/quiz_bg_0.jpg</file>
		<file id="id30">data/sound1.mp3</file>
		<file id="id31">data/video1.mp4</file>
		<file id="id32">data/quizplayer.js</file>
		<file id="id33">data/player.js</file>
		<file id="id38">data/browsersupport.js</file>
		<file id="id39">data/apple-touch-icon.png</file>
		<file id="id40">data/favicon.ico</file>
		<file id="id41">data/fnt0.woff</file>
		<file id="id42">data/fnt1.woff</file>
		<file id="id43">data/fnt2.woff</file>
		<file id="id44">data/fnt3.woff</file>
		<file id="id45">data/fnt4.woff</file>
		<file id="id46">data/fnt5.woff</file>
		<file id="id47">data/fnt6.woff</file>
		<file id="id48">data/fnt7.woff</file>
		<file id="id49">data/fnt8.woff</file>
		<file id="id50">data/fnt9.woff</file>
		<file id="id51">data/html5-unsupported.html</file>
		<file id="id52">data/html5.png</file>
		<file id="id53">data/img0.png</file>
		<file id="id54">data/img1.png</file>
		<file id="id55">data/img2.png</file>
		<file id="id56">data/img3.png</file>
		<file id="id57">data/img4.png</file>
		<file id="id58">data/img5.png</file>
		<file id="id59">data/img6.png</file>
		<file id="id60">data/img7.jpg</file>
		<file id="id61">data/photo1.png</file>
		<file id="id62">data/ismplayer/preview.png</file>
	</files>
</presentation>
